{"0": 1.9643531216236065, "1": 8.445505241634514}